Customer_ID,Order_ID,Order_Date,Product_Category,Quantity,Unit_Price,Sales
CUST0103,ORD00001,2025-08-24,Furniture,4,9571.2,38284.8
CUST0180,ORD00002,2025-03-24,Electronics,3,11596.09,34788.27
CUST0015,ORD00004,2025-04-11,Office Supplies,1,12905.51,12905.51
CUST0107,ORD00005,2025-01-06,Electronics,4,2912.44,11649.76
CUST0072,ORD00006,2025-06-29,Furniture,5,8348.23,41741.15
CUST0189,ORD00007,2025-10-09,Accessories,5,6324.59,31622.95
CUST0021,ORD00008,2025-11-16,Electronics,2,10836.86,21673.72
CUST0103,ORD00009,2025-08-14,Office Supplies,2,5661.75,11323.5
CUST0122,ORD00010,2025-11-11,Electronics,5,13065.98,65329.9
CUST0075,ORD00011,2025-12-31,Office Supplies,5,10997.87,54989.35
CUST0088,ORD00012,2025-08-17,Furniture,4,9768.54,39074.16
CUST0117,ORD00013,2025-10-16,Accessories,3,11974.17,35922.51
CUST0100,ORD00014,2025-05-30,Accessories,2,11347.24,22694.48
CUST0104,ORD00015,2025-10-04,Accessories,3,683.69,2051.07
CUST0152,ORD00016,2025-07-17,Furniture,4,6011.81,24047.24
CUST0131,ORD00017,2025-03-11,Office Supplies,5,13972.49,69862.45
CUST0150,ORD00018,2025-04-22,Furniture,3,2017.01,6051.03
CUST0053,ORD00019,2025-01-04,Accessories,5,11095.88,55479.4
CUST0002,ORD00020,2025-12-16,Furniture,5,14622.69,73113.45
CUST0158,ORD00022,2025-11-14,Furniture,3,10280.58,30841.74
CUST0038,ORD00023,2025-12-16,Office Supplies,3,7102.09,21306.27
CUST0130,ORD00024,2025-04-05,Electronics,5,8750.75,43753.75
CUST0192,ORD00025,2025-06-01,Electronics,4,1417.32,5669.28
CUST0188,ORD00026,2025-11-07,Furniture,1,788.65,788.65
CUST0021,ORD00027,2025-05-17,Electronics,5,10052.97,50264.85
CUST0161,ORD00028,2025-09-04,Electronics,2,12376.15,24752.3
CUST0058,ORD00029,2025-08-31,Furniture,2,11762.93,23525.86
CUST0022,ORD00030,2025-01-31,Furniture,1,8225.52,8225.52
CUST0089,ORD00031,2025-02-09,Accessories,4,1633.02,6532.08
CUST0049,ORD00032,2025-08-17,Electronics,5,10367.46,51837.3
CUST0059,ORD00033,2025-02-05,Office Supplies,3,3742.05,11226.15
CUST0170,ORD00034,2025-08-11,Furniture,1,13679.37,13679.37
CUST0188,ORD00035,2025-01-06,Accessories,4,12598.24,50392.96
CUST0190,ORD00037,2025-08-08,Electronics,2,14240.36,28480.72
CUST0190,ORD00038,2025-03-16,Accessories,2,616.61,1233.22
CUST0175,ORD00039,2025-01-04,Furniture,3,11082.58,33247.74
CUST0190,ORD00040,2025-12-01,Office Supplies,1,5054.11,5054.11
CUST0051,ORD00041,2025-05-14,Furniture,2,13605.08,27210.16
CUST0108,ORD00042,2025-04-28,Electronics,5,4110.13,20550.65
CUST0055,ORD00043,2025-04-04,Office Supplies,3,10914.12,32742.36
CUST0064,ORD00044,2025-03-03,Electronics,3,13183.06,39549.18
CUST0131,ORD00045,2025-07-13,Electronics,2,768.6,1537.2
CUST0051,ORD00046,2025-12-01,Accessories,1,6055.07,6055.07
CUST0135,ORD00047,2025-07-22,Furniture,5,11470.29,57351.45
CUST0021,ORD00048,2025-01-26,Office Supplies,1,6905.55,6905.55
CUST0073,ORD00049,2025-06-22,Electronics,4,4118.7,16474.8
CUST0167,ORD00050,2025-10-27,Electronics,4,3414.11,13656.44
CUST0018,ORD00051,2025-05-13,Office Supplies,2,2103.05,4206.1
CUST0132,ORD00052,2025-11-22,Electronics,2,12878.37,25756.74
CUST0089,ORD00053,2025-04-28,Accessories,2,8694.03,17388.06
CUST0060,ORD00054,2025-11-20,Accessories,4,1284.32,5137.28
CUST0014,ORD00055,2025-10-02,Accessories,1,5831.32,5831.32
CUST0009,ORD00056,2025-07-31,Accessories,1,5610.84,5610.84
CUST0090,ORD00057,2025-08-13,Electronics,2,2848.83,5697.66
CUST0053,ORD00058,2025-01-20,Office Supplies,5,6617.29,33086.45
CUST0130,ORD00059,2025-04-23,Office Supplies,1,5081.68,5081.68
CUST0084,ORD00060,2025-05-20,Office Supplies,4,5225.79,20903.16
CUST0092,ORD00061,2025-02-16,Office Supplies,3,11124.54,33373.62
CUST0188,ORD00063,2025-03-31,Office Supplies,3,9681.62,29044.86
CUST0199,ORD00064,2025-05-22,Furniture,5,8624.15,43120.75
CUST0172,ORD00065,2025-11-16,Furniture,2,8586.17,17172.34
CUST0008,ORD00066,2025-02-07,Accessories,4,9995.66,39982.64
CUST0175,ORD00067,2025-10-20,Furniture,5,8293.47,41467.35
CUST0035,ORD00068,2025-05-19,Electronics,4,13206.94,52827.76
CUST0081,ORD00069,2025-12-22,Furniture,4,10182.36,40729.44
CUST0164,ORD00070,2025-11-29,Accessories,2,8272.4,16544.8
CUST0050,ORD00071,2025-09-16,Furniture,3,12471.98,37415.94
CUST0104,ORD00072,2025-06-10,Electronics,2,9151.28,18302.56
CUST0132,ORD00073,2025-06-27,Electronics,5,4473.49,22367.45
CUST0002,ORD00074,2025-01-10,Electronics,5,3225.36,16126.8
CUST0134,ORD00075,2025-09-18,Accessories,5,2412.07,12060.35
CUST0054,ORD00076,2025-05-18,Accessories,2,13506.91,27013.82
CUST0106,ORD00077,2025-06-21,Office Supplies,4,10695.51,42782.04
CUST0004,ORD00078,2025-01-13,Accessories,4,14070.07,56280.28
CUST0054,ORD00079,2025-06-17,Electronics,1,9108.88,9108.88
CUST0191,ORD00080,2025-05-10,Electronics,5,7180.0,35900.0
CUST0146,ORD00081,2025-03-25,Accessories,4,1036.79,4147.16
CUST0044,ORD00082,2025-11-17,Furniture,1,10123.89,10123.89
CUST0162,ORD00083,2025-11-15,Accessories,4,8795.8,35183.2
CUST0190,ORD00084,2025-04-11,Accessories,5,14854.6,74273.0
CUST0014,ORD00085,2025-11-25,Electronics,3,3701.51,11104.53
CUST0095,ORD00086,2025-09-30,Office Supplies,5,8031.45,40157.25
CUST0048,ORD00087,2025-09-22,Electronics,2,9816.72,19633.44
CUST0015,ORD00088,2025-02-07,Office Supplies,4,9722.18,38888.72
CUST0200,ORD00089,2025-04-04,Electronics,4,8485.21,33940.84
CUST0190,ORD00090,2025-04-05,Accessories,2,11687.38,23374.76
CUST0040,ORD00091,2025-11-01,Electronics,2,3193.97,6387.94
CUST0082,ORD00092,2025-03-10,Electronics,3,10925.56,32776.68
CUST0111,ORD00093,2025-11-14,Electronics,4,9353.06,37412.24
CUST0053,ORD00094,2025-08-24,Accessories,4,13456.72,53826.88
CUST0024,ORD00095,2025-11-30,Accessories,3,12730.84,38192.52
CUST0154,ORD00096,2025-05-17,Accessories,1,4829.93,4829.93
CUST0188,ORD00097,2025-03-17,Accessories,3,4252.12,12756.36
CUST0124,ORD00098,2025-02-04,Office Supplies,5,14727.55,73637.75
CUST0041,ORD00099,2025-01-01,Office Supplies,4,7979.89,31919.56
CUST0157,ORD00100,2025-10-23,Furniture,2,13610.35,27220.7
CUST0015,ORD00101,2025-11-16,Accessories,5,2583.63,12918.15
CUST0045,ORD00102,2025-03-01,Office Supplies,4,9695.86,38783.44
CUST0065,ORD00103,2025-11-16,Electronics,3,12176.42,36529.26
CUST0089,ORD00104,2025-12-15,Accessories,5,14218.82,71094.1
CUST0071,ORD00105,2025-11-24,Furniture,4,5159.5,20638.0
CUST0009,ORD00106,2025-09-24,Furniture,1,10915.97,10915.97
CUST0088,ORD00107,2025-12-27,Furniture,1,8151.37,8151.37
CUST0129,ORD00108,2025-08-17,Electronics,2,1050.34,2100.68
CUST0136,ORD00109,2025-09-27,Office Supplies,4,10396.5,41586.0
CUST0063,ORD00110,2025-11-12,Electronics,1,10397.93,10397.93
CUST0139,ORD00111,2025-10-13,Accessories,3,13969.51,41908.53
CUST0081,ORD00112,2025-10-18,Furniture,4,7535.09,30140.36
CUST0136,ORD00113,2025-08-01,Electronics,3,3569.23,10707.69
CUST0163,ORD00114,2025-06-14,Electronics,3,811.77,2435.31
CUST0163,ORD00115,2025-01-05,Office Supplies,1,6322.29,6322.29
CUST0033,ORD00116,2025-12-05,Office Supplies,4,4633.46,18533.84
CUST0123,ORD00117,2025-03-19,Furniture,5,11452.16,57260.8
CUST0005,ORD00118,2025-03-03,Electronics,1,5410.88,5410.88
CUST0041,ORD00119,2025-05-12,Electronics,1,14243.71,14243.71
CUST0028,ORD00120,2025-03-30,Office Supplies,4,14440.31,57761.24
CUST0135,ORD00121,2025-08-25,Electronics,4,9370.49,37481.96
CUST0072,ORD00122,2025-02-11,Electronics,3,13940.61,41821.83
CUST0012,ORD00123,2025-03-30,Electronics,4,11448.69,45794.76
CUST0162,ORD00124,2025-10-23,Office Supplies,3,8270.87,24812.61
CUST0033,ORD00125,2025-11-24,Furniture,1,2827.57,2827.57
CUST0048,ORD00126,2025-10-22,Accessories,2,6960.18,13920.36
CUST0151,ORD00127,2025-04-14,Furniture,5,8478.99,42394.95
CUST0062,ORD00128,2025-01-14,Accessories,1,12979.83,12979.83
CUST0037,ORD00129,2025-10-15,Electronics,4,7297.8,29191.2
CUST0099,ORD00130,2025-06-28,Furniture,5,13480.47,67402.35
CUST0172,ORD00131,2025-05-05,Accessories,2,10164.08,20328.16
CUST0104,ORD00132,2025-12-19,Office Supplies,2,2184.44,4368.88
CUST0035,ORD00133,2025-01-23,Office Supplies,3,14925.47,44776.41
CUST0193,ORD00134,2025-03-04,Furniture,5,7979.41,39897.05
CUST0101,ORD00135,2025-05-23,Furniture,3,5969.1,17907.3
CUST0175,ORD00136,2025-06-02,Electronics,1,9937.84,9937.84
CUST0131,ORD00137,2025-05-25,Furniture,5,1767.07,8835.35
CUST0001,ORD00138,2025-08-13,Electronics,1,9602.6,9602.6
CUST0005,ORD00139,2025-11-05,Electronics,3,7548.8,22646.4
CUST0142,ORD00140,2025-04-14,Office Supplies,5,6189.11,30945.55
CUST0103,ORD00141,2025-04-14,Office Supplies,3,14302.35,42907.05
CUST0027,ORD00142,2025-02-08,Accessories,5,7909.71,39548.55
CUST0137,ORD00143,2025-07-17,Office Supplies,3,3403.89,10211.67
CUST0015,ORD00144,2025-05-14,Office Supplies,2,6965.61,13931.22
CUST0090,ORD00145,2025-03-08,Furniture,3,13802.9,41408.7
CUST0042,ORD00146,2025-06-28,Office Supplies,2,2765.02,5530.04
CUST0124,ORD00147,2025-02-11,Accessories,3,3327.26,9981.78
CUST0179,ORD00148,2025-01-15,Furniture,5,343.49,1717.45
CUST0063,ORD00149,2025-04-21,Accessories,5,360.72,1803.6
CUST0096,ORD00150,2025-06-06,Office Supplies,5,12466.47,62332.35
CUST0052,ORD00151,2025-10-16,Accessories,4,11022.02,44088.08
CUST0096,ORD00152,2025-08-19,Furniture,1,5422.36,5422.36
CUST0132,ORD00153,2025-06-06,Electronics,5,10519.92,52599.6
CUST0151,ORD00154,2025-02-07,Accessories,2,6018.81,12037.62
CUST0143,ORD00155,2025-04-07,Accessories,5,14300.52,71502.6
CUST0171,ORD00156,2025-10-16,Furniture,4,14510.73,58042.92
CUST0029,ORD00157,2025-09-11,Furniture,2,5982.99,11965.98
CUST0036,ORD00158,2025-07-15,Accessories,4,12835.2,51340.8
CUST0013,ORD00159,2025-03-27,Office Supplies,2,11630.37,23260.74
CUST0160,ORD00160,2025-11-18,Accessories,3,4753.5,14260.5
CUST0071,ORD00161,2025-01-10,Furniture,1,3595.79,3595.79
CUST0187,ORD00162,2025-01-05,Electronics,1,6954.78,6954.78
CUST0086,ORD00163,2025-05-03,Electronics,4,11753.03,47012.12
CUST0028,ORD00164,2025-11-26,Office Supplies,1,14408.49,14408.49
CUST0066,ORD00165,2025-12-19,Accessories,4,11489.15,45956.6
CUST0170,ORD00166,2025-04-28,Electronics,4,12849.82,51399.28
CUST0045,ORD00167,2025-10-21,Accessories,4,9105.5,36422.0
CUST0062,ORD00168,2025-06-08,Furniture,1,12555.81,12555.81
CUST0185,ORD00169,2025-10-30,Electronics,4,11798.65,47194.6
CUST0134,ORD00170,2025-08-16,Office Supplies,1,5748.24,5748.24
CUST0028,ORD00171,2025-12-31,Furniture,4,8347.06,33388.24
CUST0028,ORD00172,2025-08-04,Office Supplies,5,12100.58,60502.9
CUST0108,ORD00173,2025-07-03,Furniture,4,833.94,3335.76
CUST0044,ORD00174,2025-01-15,Electronics,2,12149.98,24299.96
CUST0084,ORD00175,2025-06-06,Office Supplies,4,2791.64,11166.56
CUST0030,ORD00176,2025-05-16,Office Supplies,3,7793.05,23379.15
CUST0190,ORD00177,2025-09-18,Furniture,4,12152.89,48611.56
CUST0075,ORD00178,2025-06-06,Office Supplies,2,3919.24,7838.48
CUST0128,ORD00179,2025-02-16,Furniture,2,3800.24,7600.48
CUST0092,ORD00180,2025-11-20,Furniture,1,6131.05,6131.05
CUST0190,ORD00181,2025-11-28,Furniture,5,13435.45,67177.25
CUST0129,ORD00182,2025-06-22,Furniture,4,156.58,626.32
CUST0121,ORD00183,2025-05-10,Electronics,1,13535.54,13535.54
CUST0027,ORD00184,2025-04-05,Furniture,5,2434.03,12170.15
CUST0190,ORD00185,2025-04-25,Accessories,4,14852.78,59411.12
CUST0121,ORD00186,2025-08-31,Office Supplies,3,14329.48,42988.44
CUST0116,ORD00187,2025-10-19,Accessories,4,7495.93,29983.72
CUST0003,ORD00188,2025-10-09,Electronics,2,7763.9,15527.8
CUST0103,ORD00189,2025-10-26,Accessories,2,7301.01,14602.02
CUST0198,ORD00190,2025-10-10,Office Supplies,3,9586.34,28759.02
CUST0200,ORD00191,2025-03-10,Accessories,1,1497.22,1497.22
CUST0155,ORD00192,2025-05-28,Electronics,5,634.38,3171.9
CUST0137,ORD00193,2025-01-11,Furniture,4,1006.89,4027.56
CUST0062,ORD00194,2025-09-11,Accessories,2,6748.83,13497.66
CUST0165,ORD00195,2025-11-26,Electronics,1,4241.89,4241.89
CUST0051,ORD00196,2025-12-26,Electronics,3,9387.29,28161.87
CUST0172,ORD00197,2025-02-07,Office Supplies,2,14887.77,29775.54
CUST0152,ORD00198,2025-05-14,Office Supplies,3,5886.9,17660.7
CUST0059,ORD00199,2025-07-19,Accessories,4,8671.54,34686.16
CUST0118,ORD00200,2025-01-23,Furniture,5,6321.72,31608.6
CUST0160,ORD00201,2025-10-30,Electronics,2,12731.98,25463.96
CUST0096,ORD00202,2025-12-12,Accessories,2,13548.21,27096.42
CUST0180,ORD00203,2025-10-29,Electronics,4,13178.73,52714.92
CUST0113,ORD00204,2025-12-29,Electronics,1,14619.43,14619.43
CUST0062,ORD00205,2025-08-06,Furniture,5,558.66,2793.3
CUST0186,ORD00206,2025-05-21,Furniture,2,12621.27,25242.54
CUST0012,ORD00208,2025-07-29,Furniture,2,3546.11,7092.22
CUST0039,ORD00209,2025-04-21,Furniture,5,14351.35,71756.75
CUST0130,ORD00210,2025-04-14,Accessories,3,2350.44,7051.32
CUST0131,ORD00211,2025-11-12,Furniture,2,10241.32,20482.64
CUST0113,ORD00212,2025-06-20,Office Supplies,5,3489.62,17448.1
CUST0101,ORD00213,2025-12-22,Electronics,1,6556.0,6556.0
CUST0113,ORD00214,2025-11-20,Electronics,3,10829.52,32488.56
CUST0184,ORD00215,2025-05-13,Electronics,3,8515.37,25546.11
CUST0081,ORD00216,2025-10-20,Electronics,1,6498.4,6498.4
CUST0187,ORD00217,2025-11-24,Accessories,5,4996.13,24980.65
CUST0113,ORD00218,2025-05-07,Electronics,4,12618.95,50475.8
CUST0002,ORD00219,2025-04-16,Electronics,1,2285.64,2285.64
CUST0130,ORD00220,2025-04-02,Electronics,5,6537.03,32685.15
CUST0054,ORD00221,2025-10-14,Electronics,1,13570.8,13570.8
CUST0087,ORD00222,2025-02-20,Office Supplies,1,12710.87,12710.87
CUST0129,ORD00223,2025-01-29,Electronics,2,6103.99,12207.98
CUST0147,ORD00224,2025-10-23,Office Supplies,5,11482.16,57410.8
CUST0126,ORD00225,2025-10-24,Accessories,4,12373.94,49495.76
CUST0130,ORD00226,2025-08-02,Furniture,2,13349.98,26699.96
CUST0053,ORD00227,2025-09-24,Electronics,1,8235.91,8235.91
CUST0172,ORD00228,2025-09-14,Furniture,1,3186.24,3186.24
CUST0160,ORD00229,2025-10-29,Furniture,1,3941.34,3941.34
CUST0198,ORD00230,2025-04-11,Accessories,5,4541.07,22705.35
CUST0160,ORD00231,2025-12-12,Furniture,5,8967.97,44839.85
CUST0068,ORD00232,2025-04-20,Office Supplies,2,637.22,1274.44
CUST0183,ORD00233,2025-07-01,Furniture,4,9595.23,38380.92
CUST0184,ORD00234,2025-11-09,Furniture,2,5560.66,11121.32
CUST0123,ORD00235,2025-01-01,Furniture,3,4534.34,13603.02
CUST0145,ORD00236,2025-11-15,Electronics,1,13210.52,13210.52
CUST0038,ORD00237,2025-02-24,Electronics,1,6981.04,6981.04
CUST0024,ORD00238,2025-05-29,Office Supplies,1,1561.54,1561.54
CUST0069,ORD00239,2025-11-05,Office Supplies,2,12427.19,24854.38
CUST0116,ORD00240,2025-05-17,Electronics,2,857.47,1714.94
CUST0098,ORD00241,2025-07-21,Office Supplies,1,10942.23,10942.23
CUST0198,ORD00242,2025-11-09,Electronics,2,11642.51,23285.02
CUST0139,ORD00243,2025-04-27,Accessories,5,5386.15,26930.75
CUST0144,ORD00244,2025-06-03,Furniture,5,12398.1,61990.5
CUST0097,ORD00245,2025-10-18,Furniture,2,7807.54,15615.08
CUST0124,ORD00246,2025-03-04,Office Supplies,1,7029.91,7029.91
CUST0187,ORD00247,2025-09-01,Electronics,2,824.24,1648.48
CUST0070,ORD00248,2025-01-25,Electronics,2,4456.93,8913.86
CUST0093,ORD00249,2025-03-31,Office Supplies,2,13975.5,27951.0
CUST0003,ORD00250,2025-03-16,Electronics,3,5968.59,17905.77
CUST0148,ORD00251,2025-10-21,Accessories,5,8268.5,41342.5
CUST0187,ORD00252,2025-07-29,Furniture,4,8050.52,32202.08
CUST0164,ORD00253,2025-12-13,Office Supplies,4,8917.9,35671.6
CUST0147,ORD00254,2025-01-17,Office Supplies,3,1060.76,3182.28
CUST0090,ORD00255,2025-05-08,Electronics,2,5528.32,11056.64
CUST0195,ORD00256,2025-12-30,Office Supplies,3,10888.45,32665.35
CUST0147,ORD00257,2025-09-08,Accessories,3,3128.32,9384.96
CUST0148,ORD00258,2025-06-28,Electronics,1,3173.14,3173.14
CUST0096,ORD00259,2025-07-01,Electronics,5,299.85,1499.25
CUST0199,ORD00260,2025-06-01,Electronics,4,6646.61,26586.44
CUST0052,ORD00261,2025-01-25,Electronics,2,13258.61,26517.22
CUST0161,ORD00262,2025-06-29,Accessories,4,920.73,3682.92
CUST0168,ORD00263,2025-07-17,Electronics,4,2988.11,11952.44
CUST0128,ORD00264,2025-12-10,Office Supplies,5,4754.76,23773.8
CUST0039,ORD00265,2025-06-10,Accessories,4,11016.11,44064.44
CUST0082,ORD00266,2025-06-26,Furniture,4,9663.44,38653.76
CUST0104,ORD00267,2025-10-12,Furniture,3,6326.77,18980.31
CUST0129,ORD00268,2025-03-04,Office Supplies,5,11422.17,57110.85
CUST0011,ORD00269,2025-05-30,Office Supplies,1,9203.02,9203.02
CUST0185,ORD00270,2025-06-03,Accessories,2,13456.21,26912.42
CUST0178,ORD00271,2025-06-05,Furniture,4,12297.7,49190.8
CUST0151,ORD00272,2025-02-18,Furniture,2,3904.28,7808.56
CUST0159,ORD00273,2025-12-03,Furniture,1,4180.86,4180.86
CUST0042,ORD00274,2025-03-25,Furniture,2,2011.54,4023.08
CUST0099,ORD00275,2025-12-27,Furniture,1,5153.93,5153.93
CUST0007,ORD00276,2025-06-26,Electronics,3,14993.23,44979.69
CUST0144,ORD00277,2025-05-28,Office Supplies,4,6175.4,24701.6
CUST0090,ORD00278,2025-04-28,Electronics,1,3424.25,3424.25
CUST0112,ORD00279,2025-12-08,Furniture,2,11472.87,22945.74
CUST0060,ORD00280,2025-03-04,Accessories,4,8205.69,32822.76
CUST0113,ORD00281,2025-07-08,Accessories,3,2371.58,7114.74
CUST0002,ORD00282,2025-12-26,Furniture,4,5803.24,23212.96
CUST0129,ORD00283,2025-02-18,Furniture,1,6304.88,6304.88
CUST0048,ORD00284,2025-11-23,Accessories,3,11344.37,34033.11
CUST0140,ORD00285,2025-09-14,Electronics,2,456.97,913.94
CUST0197,ORD00286,2025-08-12,Electronics,3,4144.94,12434.82
CUST0037,ORD00287,2025-05-21,Furniture,3,7836.31,23508.93
CUST0160,ORD00288,2025-08-03,Electronics,5,4142.37,20711.85
CUST0009,ORD00289,2025-07-30,Accessories,3,9482.25,28446.75
CUST0099,ORD00290,2025-11-14,Electronics,3,7305.73,21917.19
CUST0147,ORD00291,2025-02-01,Furniture,4,5521.4,22085.6
CUST0048,ORD00292,2025-06-07,Accessories,2,14245.75,28491.5
CUST0131,ORD00293,2025-10-12,Electronics,4,9537.57,38150.28
CUST0148,ORD00294,2025-11-01,Office Supplies,4,2079.63,8318.52
CUST0152,ORD00295,2025-10-13,Accessories,1,8467.36,8467.36
CUST0054,ORD00296,2025-05-24,Accessories,4,11743.87,46975.48
CUST0120,ORD00297,2025-01-19,Office Supplies,5,10671.07,53355.35
CUST0161,ORD00298,2025-01-18,Office Supplies,5,2705.53,13527.65
CUST0152,ORD00299,2025-09-14,Accessories,1,14590.44,14590.44
CUST0116,ORD00300,2025-03-19,Office Supplies,2,6814.88,13629.76
CUST0075,ORD00301,2025-06-24,Furniture,2,2511.52,5023.04
CUST0113,ORD00302,2025-07-13,Furniture,4,2825.91,11303.64
CUST0200,ORD00303,2025-04-23,Furniture,4,1608.79,6435.16
CUST0164,ORD00304,2025-04-24,Accessories,4,12082.24,48328.96
CUST0166,ORD00305,2025-08-10,Office Supplies,2,1962.15,3924.3
CUST0104,ORD00306,2025-06-15,Office Supplies,3,2008.11,6024.33
CUST0084,ORD00307,2025-11-15,Electronics,5,12779.5,63897.5
CUST0112,ORD00308,2025-05-12,Electronics,3,5267.37,15802.11
CUST0099,ORD00309,2025-09-21,Office Supplies,3,608.24,1824.72
CUST0153,ORD00310,2025-02-24,Office Supplies,2,920.65,1841.3
CUST0093,ORD00311,2025-12-25,Office Supplies,3,2261.23,6783.69
CUST0146,ORD00312,2025-05-11,Accessories,1,3318.89,3318.89
CUST0128,ORD00313,2025-10-15,Office Supplies,4,10027.42,40109.68
CUST0110,ORD00314,2025-09-23,Electronics,1,2486.3,2486.3
CUST0082,ORD00315,2025-06-11,Accessories,5,1915.28,9576.4
CUST0194,ORD00316,2025-03-28,Office Supplies,4,11506.08,46024.32
CUST0054,ORD00317,2025-02-24,Electronics,3,10115.17,30345.51
CUST0163,ORD00318,2025-10-15,Accessories,5,6614.56,33072.8
CUST0189,ORD00319,2025-06-27,Office Supplies,4,8307.25,33229.0
CUST0169,ORD00320,2025-12-15,Office Supplies,3,4782.96,14348.88
CUST0161,ORD00321,2025-01-08,Office Supplies,1,7315.13,7315.13
CUST0068,ORD00322,2025-11-17,Accessories,4,7674.09,30696.36
CUST0033,ORD00323,2025-11-09,Electronics,3,5900.47,17701.41
CUST0142,ORD00324,2025-09-04,Electronics,1,13612.6,13612.6
CUST0021,ORD00325,2025-11-19,Furniture,5,388.52,1942.6
CUST0048,ORD00326,2025-09-12,Office Supplies,5,11765.24,58826.2
CUST0148,ORD00327,2025-11-24,Furniture,5,1997.09,9985.45
CUST0128,ORD00328,2025-02-23,Furniture,5,11993.58,59967.9
CUST0136,ORD00329,2025-09-06,Electronics,2,9296.29,18592.58
CUST0135,ORD00330,2025-08-27,Accessories,4,12672.68,50690.72
CUST0195,ORD00331,2025-08-17,Accessories,4,1598.09,6392.36
CUST0145,ORD00332,2025-03-08,Electronics,2,8450.86,16901.72
CUST0128,ORD00333,2025-02-20,Accessories,3,7591.16,22773.48
CUST0033,ORD00334,2025-04-07,Furniture,3,10636.97,31910.91
CUST0176,ORD00335,2025-04-02,Office Supplies,5,8084.21,40421.05
CUST0187,ORD00336,2025-09-21,Electronics,1,8179.91,8179.91
CUST0115,ORD00337,2025-10-18,Office Supplies,3,6529.5,19588.5
CUST0119,ORD00338,2025-04-06,Accessories,1,4736.19,4736.19
CUST0022,ORD00339,2025-03-29,Office Supplies,4,7311.63,29246.52
CUST0158,ORD00340,2025-03-19,Accessories,1,1909.61,1909.61
CUST0038,ORD00341,2025-10-15,Accessories,4,14428.47,57713.88
CUST0109,ORD00342,2025-04-30,Furniture,2,10759.0,21518.0
CUST0051,ORD00343,2025-10-29,Accessories,2,14294.14,28588.28
CUST0182,ORD00344,2025-06-14,Furniture,5,3516.9,17584.5
CUST0008,ORD00345,2025-07-01,Furniture,3,13208.21,39624.63
CUST0027,ORD00346,2025-08-11,Furniture,5,12160.53,60802.65
CUST0027,ORD00347,2025-11-07,Electronics,4,10205.71,40822.84
CUST0021,ORD00348,2025-01-07,Electronics,5,9431.68,47158.4
CUST0030,ORD00349,2025-11-26,Accessories,1,4850.76,4850.76
CUST0097,ORD00350,2025-09-20,Furniture,4,12273.7,49094.8
CUST0028,ORD00351,2025-06-10,Electronics,2,7597.5,15195.0
CUST0111,ORD00352,2025-05-31,Furniture,3,1202.74,3608.22
CUST0192,ORD00353,2025-03-26,Office Supplies,4,4796.02,19184.08
CUST0197,ORD00354,2025-05-27,Office Supplies,4,14039.16,56156.64
CUST0061,ORD00355,2025-04-22,Office Supplies,1,12782.6,12782.6
CUST0048,ORD00356,2025-02-05,Accessories,3,14731.3,44193.9
CUST0147,ORD00357,2025-10-12,Furniture,2,9475.7,18951.4
CUST0004,ORD00358,2025-07-07,Office Supplies,4,3825.52,15302.08
CUST0035,ORD00359,2025-03-23,Electronics,4,2567.8,10271.2
CUST0192,ORD00360,2025-01-02,Office Supplies,1,2925.68,2925.68
CUST0049,ORD00361,2025-10-30,Office Supplies,5,443.97,2219.85
CUST0017,ORD00362,2025-07-16,Office Supplies,2,5951.63,11903.26
CUST0172,ORD00363,2025-01-11,Accessories,3,2992.7,8978.1
CUST0158,ORD00364,2025-08-22,Electronics,4,6263.08,25052.32
CUST0046,ORD00365,2025-07-14,Furniture,4,14034.67,56138.68
CUST0117,ORD00366,2025-04-29,Electronics,2,6543.52,13087.04
CUST0006,ORD00367,2025-01-20,Furniture,5,13188.07,65940.35
CUST0099,ORD00368,2025-09-18,Accessories,4,9141.75,36567.0
CUST0124,ORD00369,2025-10-20,Accessories,2,3819.9,7639.8
CUST0037,ORD00370,2025-09-13,Accessories,1,5434.44,5434.44
CUST0024,ORD00371,2025-08-10,Accessories,5,1396.21,6981.05
CUST0093,ORD00372,2025-08-14,Furniture,3,5101.92,15305.76
CUST0046,ORD00373,2025-02-22,Office Supplies,4,10211.48,40845.92
CUST0181,ORD00374,2025-12-21,Furniture,2,1220.85,2441.7
CUST0095,ORD00375,2025-12-08,Electronics,1,3200.21,3200.21
CUST0099,ORD00376,2025-12-30,Accessories,3,5814.4,17443.2
CUST0188,ORD00377,2025-10-07,Accessories,2,14733.44,29466.88
CUST0116,ORD00378,2025-03-22,Electronics,2,11805.2,23610.4
CUST0191,ORD00379,2025-07-21,Furniture,3,11042.28,33126.84
CUST0160,ORD00380,2025-06-07,Office Supplies,1,1875.44,1875.44
CUST0161,ORD00381,2025-04-30,Office Supplies,1,11747.79,11747.79
CUST0067,ORD00382,2025-02-28,Electronics,5,11811.24,59056.2
CUST0128,ORD00383,2025-08-03,Office Supplies,4,9076.38,36305.52
CUST0018,ORD00384,2025-05-08,Furniture,3,14856.87,44570.61
CUST0025,ORD00385,2025-08-12,Furniture,3,4980.02,14940.06
CUST0054,ORD00386,2025-07-28,Electronics,3,14127.9,42383.7
CUST0058,ORD00387,2025-04-25,Furniture,1,13733.76,13733.76
CUST0067,ORD00388,2025-07-28,Accessories,4,320.49,1281.96
CUST0104,ORD00389,2025-01-14,Electronics,5,6834.23,34171.15
CUST0174,ORD00390,2025-01-09,Furniture,2,14660.0,29320.0
CUST0024,ORD00391,2025-02-09,Electronics,2,1681.35,3362.7
CUST0114,ORD00392,2025-08-25,Office Supplies,3,8284.6,24853.8
CUST0032,ORD00393,2025-10-08,Furniture,4,14687.52,58750.08
CUST0175,ORD00394,2025-12-25,Accessories,1,8399.11,8399.11
CUST0086,ORD00395,2025-07-20,Furniture,4,2968.76,11875.04
CUST0151,ORD00396,2025-09-03,Electronics,4,8795.42,35181.68
CUST0194,ORD00397,2025-10-05,Electronics,1,3185.94,3185.94
CUST0127,ORD00398,2025-08-23,Furniture,3,7867.61,23602.83
CUST0155,ORD00399,2025-01-04,Accessories,4,1249.53,4998.12
CUST0130,ORD00400,2025-06-03,Accessories,2,9141.42,18282.84
CUST0017,ORD00401,2025-01-29,Accessories,1,7824.33,7824.33
CUST0104,ORD00402,2025-04-19,Electronics,5,11141.4,55707.0
CUST0161,ORD00403,2025-04-08,Furniture,3,9515.9,28547.7
CUST0137,ORD00404,2025-08-03,Office Supplies,1,8311.65,8311.65
CUST0043,ORD00405,2025-10-20,Electronics,5,10393.22,51966.1
CUST0176,ORD00406,2025-03-16,Accessories,5,2287.54,11437.7
CUST0039,ORD00407,2025-11-22,Furniture,4,8991.09,35964.36
CUST0170,ORD00408,2025-05-26,Accessories,4,2705.84,10823.36
CUST0026,ORD00409,2025-05-08,Office Supplies,4,13894.0,55576.0
CUST0099,ORD00410,2025-12-07,Accessories,1,1164.76,1164.76
CUST0050,ORD00411,2025-02-11,Accessories,1,6541.07,6541.07
CUST0153,ORD00412,2025-12-22,Office Supplies,3,10482.59,31447.77
CUST0013,ORD00414,2025-02-03,Electronics,5,1517.61,7588.05
CUST0060,ORD00415,2025-01-17,Furniture,2,8367.68,16735.36
CUST0135,ORD00416,2025-06-14,Office Supplies,3,9678.23,29034.69
CUST0057,ORD00417,2025-06-02,Accessories,1,10601.32,10601.32
CUST0036,ORD00418,2025-03-17,Furniture,3,5692.91,17078.73
CUST0173,ORD00419,2025-03-28,Electronics,3,8520.35,25561.05
CUST0020,ORD00420,2025-04-27,Office Supplies,3,6842.69,20528.07
CUST0008,ORD00422,2025-12-08,Electronics,2,8815.82,17631.64
CUST0144,ORD00423,2025-01-27,Office Supplies,4,7957.48,31829.92
CUST0142,ORD00424,2025-11-09,Electronics,5,3855.44,19277.2
CUST0115,ORD00425,2025-10-14,Office Supplies,3,179.97,539.91
CUST0143,ORD00426,2025-05-14,Accessories,3,2735.11,8205.33
CUST0092,ORD00427,2025-08-07,Furniture,3,1888.43,5665.29
CUST0098,ORD00428,2025-06-17,Electronics,4,6818.91,27275.64
CUST0066,ORD00429,2025-04-08,Office Supplies,1,9242.03,9242.03
CUST0032,ORD00430,2025-09-25,Electronics,1,3314.31,3314.31
CUST0191,ORD00431,2025-08-25,Electronics,2,14095.0,28190.0
CUST0086,ORD00432,2025-11-05,Furniture,1,249.23,249.23
CUST0051,ORD00433,2025-06-22,Accessories,3,11618.67,34856.01
CUST0153,ORD00434,2025-07-09,Electronics,3,9434.29,28302.87
CUST0186,ORD00435,2025-05-02,Office Supplies,3,5697.29,17091.87
CUST0063,ORD00436,2025-02-15,Office Supplies,2,899.76,1799.52
CUST0190,ORD00437,2025-03-05,Accessories,3,9468.18,28404.54
CUST0125,ORD00438,2025-05-10,Office Supplies,1,5876.36,5876.36
CUST0150,ORD00439,2025-11-06,Accessories,4,14053.57,56214.28
CUST0058,ORD00440,2025-12-29,Office Supplies,4,8198.55,32794.2
CUST0058,ORD00441,2025-07-12,Furniture,5,14103.82,70519.1
CUST0086,ORD00442,2025-11-03,Electronics,1,3424.18,3424.18
CUST0049,ORD00443,2025-06-30,Furniture,3,10927.03,32781.09
CUST0180,ORD00444,2025-10-19,Electronics,4,9316.15,37264.6
CUST0170,ORD00445,2025-10-09,Electronics,1,11130.21,11130.21
CUST0070,ORD00446,2025-01-29,Electronics,4,3337.82,13351.28
CUST0015,ORD00447,2025-05-29,Furniture,3,10025.17,30075.51
CUST0054,ORD00448,2025-09-24,Electronics,4,7545.9,30183.6
CUST0188,ORD00449,2025-10-23,Furniture,5,11180.95,55904.75
CUST0101,ORD00450,2025-01-11,Accessories,5,5006.61,25033.05
CUST0008,ORD00451,2025-06-13,Office Supplies,4,13367.35,53469.4
CUST0053,ORD00452,2025-04-23,Office Supplies,1,1401.87,1401.87
CUST0060,ORD00453,2025-07-06,Electronics,1,12136.76,12136.76
CUST0108,ORD00454,2025-10-22,Furniture,1,12940.6,12940.6
CUST0005,ORD00455,2025-08-20,Office Supplies,4,12286.2,49144.8
CUST0103,ORD00456,2025-08-15,Furniture,1,7763.99,7763.99
CUST0196,ORD00457,2025-11-06,Furniture,3,6660.02,19980.06
CUST0006,ORD00458,2025-04-08,Electronics,5,14944.49,74722.45
CUST0109,ORD00459,2025-02-24,Office Supplies,3,3553.2,10659.6
CUST0116,ORD00460,2025-04-21,Electronics,1,8271.11,8271.11
CUST0094,ORD00461,2025-06-01,Electronics,3,10109.53,30328.59
CUST0047,ORD00462,2025-09-03,Office Supplies,1,10557.88,10557.88
CUST0099,ORD00463,2025-03-10,Office Supplies,4,3179.77,12719.08
CUST0055,ORD00464,2025-11-08,Accessories,3,9861.81,29585.43
CUST0168,ORD00465,2025-10-16,Accessories,4,12302.79,49211.16
CUST0052,ORD00466,2025-09-07,Furniture,4,892.78,3571.12
CUST0144,ORD00467,2025-02-05,Office Supplies,2,13686.09,27372.18
CUST0013,ORD00468,2025-08-27,Accessories,1,588.14,588.14
CUST0114,ORD00469,2025-05-28,Furniture,5,5436.17,27180.85
CUST0124,ORD00470,2025-08-15,Furniture,1,384.83,384.83
CUST0106,ORD00471,2025-09-01,Furniture,5,1295.61,6478.05
CUST0158,ORD00472,2025-12-03,Accessories,1,13680.85,13680.85
CUST0147,ORD00473,2025-12-31,Office Supplies,4,5419.68,21678.72
CUST0145,ORD00474,2025-07-20,Electronics,3,6457.86,19373.58
CUST0120,ORD00475,2025-06-03,Furniture,3,3347.86,10043.58
CUST0063,ORD00476,2025-03-14,Accessories,2,9016.87,18033.74
CUST0019,ORD00477,2025-07-20,Accessories,5,8982.83,44914.15
CUST0092,ORD00478,2025-10-23,Electronics,5,5677.18,28385.9
CUST0058,ORD00479,2025-01-17,Electronics,5,5095.57,25477.85
CUST0183,ORD00480,2025-05-09,Accessories,4,13291.72,53166.88
CUST0090,ORD00481,2025-08-05,Office Supplies,5,5841.77,29208.85
CUST0117,ORD00482,2025-03-02,Electronics,3,7478.49,22435.47
CUST0062,ORD00483,2025-04-14,Accessories,4,4357.08,17428.32
CUST0023,ORD00484,2025-02-11,Electronics,1,11833.53,11833.53
CUST0127,ORD00485,2025-01-25,Office Supplies,5,6052.11,30260.55
CUST0137,ORD00486,2025-02-08,Furniture,5,7777.12,38885.6
CUST0140,ORD00487,2025-10-18,Electronics,1,3912.35,3912.35
CUST0129,ORD00488,2025-05-11,Office Supplies,5,14816.74,74083.7
CUST0058,ORD00489,2025-08-17,Accessories,1,4478.71,4478.71
CUST0122,ORD00490,2025-04-18,Electronics,4,11595.53,46382.12
CUST0001,ORD00491,2025-06-21,Electronics,3,6498.31,19494.93
CUST0034,ORD00492,2025-04-12,Accessories,1,3212.33,3212.33
CUST0096,ORD00493,2025-12-20,Furniture,2,12025.82,24051.64
CUST0126,ORD00494,2025-01-12,Accessories,1,5104.06,5104.06
CUST0118,ORD00495,2025-10-02,Electronics,5,12998.12,64990.6
CUST0048,ORD00496,2025-04-11,Accessories,4,13741.57,54966.28
CUST0089,ORD00497,2025-02-13,Office Supplies,4,12918.38,51673.52
CUST0117,ORD00498,2025-11-01,Accessories,1,669.87,669.87
CUST0129,ORD00499,2025-01-17,Electronics,3,11842.49,35527.47
CUST0016,ORD00500,2025-11-26,Accessories,2,6258.39,12516.78
CUST0189,ORD00501,2025-02-26,Furniture,4,13124.79,52499.16
CUST0192,ORD00502,2025-11-07,Accessories,5,9623.62,48118.1
CUST0191,ORD00503,2025-10-30,Furniture,5,12529.6,62648.0
CUST0069,ORD00504,2025-01-12,Office Supplies,3,7566.56,22699.68
CUST0022,ORD00505,2025-11-14,Furniture,4,8095.13,32380.52
CUST0093,ORD00506,2025-03-21,Accessories,1,2294.16,2294.16
CUST0195,ORD00507,2025-08-04,Electronics,5,11792.21,58961.05
CUST0076,ORD00508,2025-12-05,Furniture,3,6377.94,19133.82
CUST0154,ORD00509,2025-09-21,Office Supplies,4,7576.19,30304.76
CUST0144,ORD00510,2025-05-29,Furniture,4,11808.7,47234.8
CUST0179,ORD00511,2025-03-22,Furniture,4,9042.85,36171.4
CUST0086,ORD00512,2025-08-03,Furniture,4,3136.32,12545.28
CUST0185,ORD00513,2025-07-17,Office Supplies,4,8914.95,35659.8
CUST0029,ORD00514,2025-07-19,Accessories,5,6203.35,31016.75
CUST0069,ORD00515,2025-01-25,Furniture,3,7122.45,21367.35
CUST0047,ORD00516,2025-03-30,Furniture,4,570.42,2281.68
CUST0094,ORD00517,2025-09-25,Electronics,2,3268.94,6537.88
CUST0190,ORD00518,2025-05-23,Office Supplies,2,4323.42,8646.84
CUST0197,ORD00519,2025-02-28,Furniture,3,10737.46,32212.38
CUST0144,ORD00520,2025-12-31,Office Supplies,1,320.66,320.66
CUST0085,ORD00522,2025-02-16,Accessories,1,13871.8,13871.8
CUST0039,ORD00523,2025-10-15,Accessories,2,1811.43,3622.86
CUST0100,ORD00524,2025-09-23,Furniture,1,7818.9,7818.9
CUST0033,ORD00525,2025-01-16,Accessories,5,11829.86,59149.3
CUST0101,ORD00526,2025-07-18,Furniture,4,14146.59,56586.36
CUST0023,ORD00527,2025-10-09,Accessories,2,11239.63,22479.26
CUST0010,ORD00528,2025-03-27,Electronics,3,10850.4,32551.2
CUST0069,ORD00529,2025-09-07,Electronics,3,12423.35,37270.05
CUST0100,ORD00530,2025-09-27,Electronics,4,6776.09,27104.36
CUST0034,ORD00531,2025-12-01,Office Supplies,2,12116.79,24233.58
CUST0180,ORD00532,2025-04-27,Office Supplies,1,268.27,268.27
CUST0138,ORD00533,2025-01-07,Electronics,1,13879.73,13879.73
CUST0147,ORD00534,2025-05-17,Office Supplies,5,6733.1,33665.5
CUST0186,ORD00535,2025-06-25,Accessories,5,8367.7,41838.5
CUST0096,ORD00536,2025-11-24,Furniture,1,3935.0,3935.0
CUST0001,ORD00537,2025-11-11,Furniture,3,11176.58,33529.74
CUST0069,ORD00538,2025-08-03,Furniture,3,1288.04,3864.12
CUST0004,ORD00539,2025-03-23,Electronics,5,13108.64,65543.2
CUST0016,ORD00540,2025-08-11,Office Supplies,4,12447.53,49790.12
CUST0024,ORD00541,2025-04-13,Accessories,1,3358.49,3358.49
CUST0080,ORD00542,2025-09-30,Accessories,5,12168.47,60842.35
CUST0002,ORD00543,2025-01-14,Electronics,5,11827.41,59137.05
CUST0128,ORD00544,2025-06-08,Accessories,1,9538.42,9538.42
CUST0160,ORD00545,2025-06-01,Accessories,1,5696.77,5696.77
CUST0084,ORD00546,2025-04-18,Accessories,3,4181.76,12545.28
CUST0152,ORD00547,2025-07-07,Accessories,4,3591.99,14367.96
CUST0140,ORD00548,2025-10-28,Office Supplies,4,4881.34,19525.36
CUST0178,ORD00549,2025-04-08,Accessories,1,13567.84,13567.84
CUST0163,ORD00550,2025-05-11,Furniture,2,1302.97,2605.94
CUST0124,ORD00551,2025-10-20,Electronics,5,12458.74,62293.7
CUST0033,ORD00552,2025-06-20,Office Supplies,5,5331.02,26655.1
CUST0161,ORD00553,2025-07-02,Accessories,1,7895.75,7895.75
CUST0189,ORD00554,2025-12-30,Office Supplies,2,11948.11,23896.22
CUST0179,ORD00555,2025-02-08,Accessories,3,13282.99,39848.97
CUST0171,ORD00556,2025-01-15,Furniture,1,5270.0,5270.0
CUST0101,ORD00557,2025-01-04,Electronics,1,7008.38,7008.38
CUST0012,ORD00558,2025-12-15,Accessories,5,6305.56,31527.8
CUST0067,ORD00559,2025-07-29,Accessories,1,346.78,346.78
CUST0065,ORD00560,2025-06-10,Accessories,1,4544.75,4544.75
CUST0161,ORD00561,2025-01-16,Accessories,1,6968.96,6968.96
CUST0168,ORD00562,2025-04-18,Electronics,5,6254.74,31273.7
CUST0074,ORD00563,2025-11-07,Electronics,3,10870.65,32611.95
CUST0043,ORD00564,2025-08-15,Furniture,3,5864.33,17592.99
CUST0044,ORD00565,2025-06-19,Electronics,1,7417.24,7417.24
CUST0029,ORD00566,2025-02-03,Accessories,5,6529.69,32648.45
CUST0141,ORD00567,2025-09-08,Furniture,3,11148.3,33444.9
CUST0012,ORD00568,2025-09-04,Furniture,3,12965.14,38895.42
CUST0095,ORD00569,2025-09-26,Furniture,3,8048.55,24145.65
CUST0046,ORD00570,2025-05-21,Accessories,5,11873.07,59365.35
CUST0130,ORD00571,2025-10-01,Office Supplies,5,4557.28,22786.4
CUST0035,ORD00572,2025-04-06,Accessories,1,8189.34,8189.34
CUST0081,ORD00573,2025-08-15,Electronics,4,5276.66,21106.64
CUST0090,ORD00574,2025-02-08,Electronics,3,6300.88,18902.64
CUST0008,ORD00575,2025-10-29,Accessories,4,11026.35,44105.4
CUST0093,ORD00576,2025-01-29,Accessories,5,13242.69,66213.45
CUST0154,ORD00577,2025-11-14,Furniture,5,1954.21,9771.05
CUST0090,ORD00578,2025-09-02,Accessories,5,9574.39,47871.95
CUST0162,ORD00579,2025-08-24,Furniture,4,8794.84,35179.36
CUST0115,ORD00580,2025-07-04,Electronics,5,1908.46,9542.3
CUST0105,ORD00581,2025-09-29,Furniture,1,3296.63,3296.63
CUST0135,ORD00582,2025-08-24,Accessories,5,4768.39,23841.95
CUST0196,ORD00583,2025-08-27,Electronics,2,2628.93,5257.86
CUST0058,ORD00584,2025-09-23,Office Supplies,4,3769.38,15077.52
CUST0114,ORD00585,2025-12-25,Furniture,2,4123.87,8247.74
CUST0075,ORD00586,2025-12-06,Electronics,5,5134.76,25673.8
CUST0157,ORD00587,2025-03-06,Furniture,1,11278.45,11278.45
CUST0120,ORD00588,2025-06-26,Electronics,3,8642.9,25928.7
CUST0164,ORD00589,2025-01-03,Electronics,5,14795.76,73978.8
CUST0021,ORD00590,2025-05-22,Furniture,1,6308.83,6308.83
CUST0164,ORD00591,2025-06-07,Office Supplies,4,11344.9,45379.6
CUST0138,ORD00592,2025-11-20,Electronics,2,13091.31,26182.62
CUST0101,ORD00593,2025-05-26,Electronics,2,10232.83,20465.66
CUST0152,ORD00594,2025-10-20,Electronics,2,6266.19,12532.38
CUST0192,ORD00595,2025-06-02,Office Supplies,4,11340.88,45363.52
CUST0177,ORD00596,2025-07-12,Office Supplies,1,3174.46,3174.46
CUST0036,ORD00598,2025-11-01,Furniture,2,8268.28,16536.56
CUST0096,ORD00599,2025-12-10,Office Supplies,5,8694.83,43474.15
CUST0152,ORD00600,2025-05-20,Furniture,3,478.8,1436.4
CUST0151,ORD00601,2025-07-06,Accessories,4,14184.95,56739.8
CUST0190,ORD00602,2025-10-20,Furniture,4,10494.91,41979.64
CUST0037,ORD00603,2025-03-02,Office Supplies,1,7511.2,7511.2
CUST0113,ORD00605,2025-10-22,Office Supplies,4,6670.57,26682.28
CUST0183,ORD00606,2025-11-15,Furniture,2,14709.47,29418.94
CUST0013,ORD00607,2025-10-29,Office Supplies,3,7757.43,23272.29
CUST0023,ORD00608,2025-12-10,Office Supplies,1,1847.14,1847.14
CUST0099,ORD00609,2025-01-11,Furniture,2,11507.29,23014.58
CUST0105,ORD00610,2025-03-03,Accessories,5,10231.63,51158.15
CUST0030,ORD00611,2025-11-29,Electronics,1,11628.85,11628.85
CUST0017,ORD00612,2025-08-14,Accessories,2,14278.91,28557.82
CUST0113,ORD00613,2025-06-02,Furniture,2,11680.87,23361.74
CUST0062,ORD00614,2025-07-18,Accessories,3,9228.35,27685.05
CUST0084,ORD00615,2025-02-21,Office Supplies,3,12881.04,38643.12
CUST0112,ORD00616,2025-09-17,Electronics,5,10147.71,50738.55
CUST0086,ORD00617,2025-02-28,Furniture,2,6210.57,12421.14
CUST0141,ORD00618,2025-03-13,Furniture,2,13301.45,26602.9
CUST0187,ORD00619,2025-05-28,Furniture,3,3445.22,10335.66
CUST0019,ORD00620,2025-12-15,Electronics,1,10762.42,10762.42
CUST0177,ORD00621,2025-03-04,Office Supplies,1,13241.22,13241.22
CUST0100,ORD00622,2025-11-06,Furniture,4,11010.05,44040.2
CUST0140,ORD00623,2025-08-31,Accessories,3,10504.54,31513.62
CUST0189,ORD00624,2025-11-26,Furniture,4,11326.68,45306.72
CUST0147,ORD00625,2025-04-17,Furniture,3,7056.07,21168.21
CUST0076,ORD00626,2025-08-14,Furniture,5,13131.43,65657.15
CUST0009,ORD00627,2025-11-09,Furniture,2,3171.03,6342.06
CUST0199,ORD00628,2025-08-06,Office Supplies,5,2041.69,10208.45
CUST0028,ORD00629,2025-08-29,Accessories,3,4389.81,13169.43
CUST0128,ORD00630,2025-09-16,Office Supplies,2,8043.92,16087.84
CUST0052,ORD00631,2025-09-19,Accessories,1,7731.84,7731.84
CUST0083,ORD00632,2025-01-05,Furniture,1,12335.89,12335.89
CUST0111,ORD00633,2025-09-18,Electronics,4,6157.84,24631.36
CUST0144,ORD00634,2025-02-23,Office Supplies,3,7342.51,22027.53
CUST0117,ORD00635,2025-02-16,Electronics,3,348.51,1045.53
CUST0069,ORD00636,2025-08-03,Office Supplies,1,6234.63,6234.63
CUST0099,ORD00637,2025-06-26,Furniture,5,9769.45,48847.25
CUST0140,ORD00638,2025-01-09,Office Supplies,2,380.3,760.6
CUST0025,ORD00639,2025-04-09,Furniture,5,4321.1,21605.5
CUST0123,ORD00641,2025-08-29,Furniture,1,773.48,773.48
CUST0053,ORD00642,2025-03-02,Furniture,1,7267.01,7267.01
CUST0151,ORD00643,2025-06-27,Accessories,1,2848.59,2848.59
CUST0144,ORD00644,2025-12-04,Furniture,4,11184.76,44739.04
CUST0057,ORD00645,2025-03-03,Accessories,5,12741.73,63708.65
CUST0039,ORD00646,2025-05-25,Furniture,3,8251.94,24755.82
CUST0109,ORD00647,2025-08-04,Electronics,2,14728.35,29456.7
CUST0042,ORD00649,2025-06-09,Electronics,3,7773.52,23320.56
CUST0186,ORD00650,2025-08-15,Electronics,5,14839.88,74199.4
CUST0167,ORD00651,2025-09-26,Furniture,1,3588.49,3588.49
CUST0142,ORD00652,2025-04-30,Electronics,5,14146.81,70734.05
CUST0122,ORD00653,2025-03-30,Accessories,2,786.14,1572.28
CUST0133,ORD00654,2025-11-25,Office Supplies,4,6778.85,27115.4
CUST0163,ORD00655,2025-03-09,Furniture,4,1189.55,4758.2
CUST0075,ORD00656,2025-12-23,Electronics,2,10979.14,21958.28
CUST0146,ORD00657,2025-04-08,Furniture,3,9184.87,27554.61
CUST0076,ORD00658,2025-09-24,Accessories,3,10643.52,31930.56
CUST0009,ORD00659,2025-04-15,Furniture,4,5711.03,22844.12
CUST0074,ORD00660,2025-11-19,Furniture,4,5636.81,22547.24
CUST0186,ORD00661,2025-05-03,Electronics,1,822.99,822.99
CUST0145,ORD00662,2025-01-29,Accessories,3,5346.68,16040.04
CUST0007,ORD00663,2025-05-17,Office Supplies,2,13949.93,27899.86
CUST0174,ORD00664,2025-07-14,Office Supplies,3,5781.51,17344.53
CUST0141,ORD00665,2025-08-14,Electronics,1,12495.81,12495.81
CUST0168,ORD00666,2025-11-28,Furniture,4,12658.53,50634.12
CUST0170,ORD00667,2025-06-19,Electronics,4,5692.63,22770.52
CUST0137,ORD00668,2025-01-09,Electronics,1,9535.03,9535.03
CUST0178,ORD00669,2025-02-09,Electronics,2,1566.27,3132.54
CUST0027,ORD00670,2025-01-25,Furniture,4,1689.63,6758.52
CUST0122,ORD00671,2025-09-18,Accessories,5,872.57,4362.85
CUST0194,ORD00672,2025-08-14,Electronics,4,8778.07,35112.28
CUST0005,ORD00673,2025-05-04,Furniture,5,6477.15,32385.75
CUST0029,ORD00674,2025-02-07,Accessories,1,8288.28,8288.28
CUST0165,ORD00675,2025-11-24,Electronics,1,7887.94,7887.94
CUST0166,ORD00676,2025-09-08,Office Supplies,4,5350.51,21402.04
CUST0083,ORD00677,2025-06-25,Accessories,3,10210.48,30631.44
CUST0136,ORD00678,2025-03-31,Electronics,5,11413.75,57068.75
CUST0109,ORD00679,2025-02-06,Accessories,2,367.23,734.46
CUST0065,ORD00680,2025-11-12,Accessories,4,3227.55,12910.2
CUST0086,ORD00681,2025-06-25,Accessories,2,10741.55,21483.1
CUST0145,ORD00682,2025-10-11,Accessories,4,5891.31,23565.24
CUST0071,ORD00683,2025-03-22,Accessories,3,9987.89,29963.67
CUST0045,ORD00684,2025-04-24,Accessories,3,5302.4,15907.2
CUST0132,ORD00685,2025-02-09,Electronics,3,5952.71,17858.13
CUST0036,ORD00686,2025-10-28,Office Supplies,3,2506.38,7519.14
CUST0070,ORD00687,2025-08-12,Furniture,1,3984.73,3984.73
CUST0159,ORD00688,2025-11-14,Accessories,1,9140.36,9140.36
CUST0019,ORD00689,2025-12-15,Furniture,5,6582.47,32912.35
CUST0189,ORD00690,2025-04-25,Electronics,2,11648.39,23296.78
CUST0108,ORD00691,2025-07-05,Accessories,4,12810.89,51243.56
CUST0182,ORD00692,2025-11-19,Office Supplies,4,8193.45,32773.8
CUST0167,ORD00693,2025-02-25,Furniture,1,11410.27,11410.27
CUST0091,ORD00694,2025-02-09,Accessories,4,4707.53,18830.12
CUST0090,ORD00695,2025-12-20,Electronics,1,6312.32,6312.32
CUST0019,ORD00696,2025-02-09,Office Supplies,5,10734.75,53673.75
CUST0039,ORD00697,2025-12-13,Furniture,2,5885.25,11770.5
CUST0126,ORD00698,2025-08-25,Furniture,5,8889.3,44446.5
CUST0195,ORD00699,2025-10-16,Accessories,3,2902.79,8708.37
CUST0173,ORD00700,2025-09-19,Office Supplies,3,9056.6,27169.8
CUST0141,ORD00701,2025-08-04,Office Supplies,3,12943.48,38830.44
CUST0126,ORD00702,2025-05-27,Office Supplies,5,13049.3,65246.5
CUST0058,ORD00703,2025-12-02,Office Supplies,4,10906.51,43626.04
CUST0148,ORD00704,2025-06-17,Electronics,2,11224.44,22448.88
CUST0200,ORD00705,2025-04-02,Office Supplies,3,8435.22,25305.66
CUST0061,ORD00706,2025-12-19,Furniture,3,8832.32,26496.96
CUST0127,ORD00707,2025-02-28,Furniture,3,2134.71,6404.13
CUST0105,ORD00708,2025-02-28,Electronics,2,6741.31,13482.62
CUST0167,ORD00709,2025-10-31,Furniture,3,6844.03,20532.09
CUST0001,ORD00710,2025-06-18,Furniture,2,14383.69,28767.38
CUST0131,ORD00711,2025-09-26,Office Supplies,3,6551.64,19654.92
CUST0092,ORD00712,2025-12-29,Furniture,5,8307.74,41538.7
CUST0190,ORD00713,2025-02-14,Electronics,5,8068.78,40343.9
CUST0191,ORD00714,2025-12-11,Office Supplies,2,9605.91,19211.82
CUST0113,ORD00715,2025-06-30,Accessories,5,11261.26,56306.3
CUST0153,ORD00716,2025-06-19,Office Supplies,2,3491.87,6983.74
CUST0056,ORD00717,2025-12-22,Electronics,5,8001.56,40007.8
CUST0161,ORD00718,2025-07-10,Office Supplies,5,12414.88,62074.4
CUST0166,ORD00719,2025-06-04,Office Supplies,2,7027.25,14054.5
CUST0117,ORD00720,2025-07-07,Electronics,4,4285.09,17140.36
CUST0134,ORD00721,2025-01-07,Office Supplies,5,9872.43,49362.15
CUST0058,ORD00722,2025-05-13,Electronics,3,12382.95,37148.85
CUST0044,ORD00723,2025-08-23,Electronics,4,1087.63,4350.52
CUST0173,ORD00724,2025-02-14,Accessories,2,11685.34,23370.68
CUST0160,ORD00725,2025-11-10,Furniture,4,12351.47,49405.88
CUST0173,ORD00726,2025-09-06,Furniture,1,7003.62,7003.62
CUST0061,ORD00727,2025-01-31,Office Supplies,1,14752.09,14752.09
CUST0047,ORD00728,2025-01-23,Office Supplies,5,11832.62,59163.1
CUST0149,ORD00729,2025-06-09,Accessories,5,11638.89,58194.45
CUST0080,ORD00730,2025-12-29,Accessories,3,11255.4,33766.2
CUST0118,ORD00731,2025-06-07,Accessories,4,2386.53,9546.12
CUST0164,ORD00732,2025-02-08,Electronics,1,3375.88,3375.88
CUST0147,ORD00733,2025-03-23,Accessories,5,7040.25,35201.25
CUST0020,ORD00734,2025-12-22,Accessories,4,4070.46,16281.84
CUST0185,ORD00735,2025-09-15,Office Supplies,5,6316.33,31581.65
CUST0146,ORD00736,2025-07-25,Accessories,5,13343.69,66718.45
CUST0047,ORD00737,2025-03-18,Electronics,1,12391.25,12391.25
CUST0049,ORD00738,2025-01-12,Electronics,1,9506.09,9506.09
CUST0014,ORD00739,2025-10-22,Office Supplies,5,12893.09,64465.45
CUST0143,ORD00740,2025-08-12,Accessories,2,11789.02,23578.04
CUST0159,ORD00741,2025-01-13,Accessories,5,6520.43,32602.15
CUST0001,ORD00742,2025-02-15,Electronics,5,3135.82,15679.1
CUST0117,ORD00743,2025-06-04,Accessories,3,7785.89,23357.67
CUST0054,ORD00744,2025-04-23,Accessories,3,11083.0,33249.0
CUST0118,ORD00745,2025-08-21,Accessories,3,6630.83,19892.49
CUST0003,ORD00746,2025-01-17,Furniture,2,10051.56,20103.12
CUST0144,ORD00747,2025-12-26,Office Supplies,2,1550.76,3101.52
CUST0185,ORD00748,2025-08-11,Furniture,5,11257.87,56289.35
CUST0012,ORD00749,2025-12-20,Office Supplies,3,12218.8,36656.4
CUST0074,ORD00750,2025-07-07,Electronics,2,10646.54,21293.08
CUST0016,ORD00751,2025-12-10,Accessories,1,14513.86,14513.86
CUST0200,ORD00752,2025-12-31,Office Supplies,5,12425.78,62128.9
CUST0102,ORD00753,2025-06-12,Furniture,4,13560.94,54243.76
CUST0152,ORD00754,2025-11-22,Accessories,5,14013.53,70067.65
CUST0156,ORD00755,2025-03-15,Electronics,4,12050.02,48200.08
CUST0117,ORD00756,2025-08-21,Office Supplies,3,10162.74,30488.22
CUST0008,ORD00757,2025-08-12,Office Supplies,4,234.92,939.68
CUST0122,ORD00758,2025-11-15,Office Supplies,3,7067.51,21202.53
CUST0092,ORD00759,2025-03-01,Accessories,1,8631.76,8631.76
CUST0164,ORD00760,2025-12-01,Furniture,4,4664.85,18659.4
CUST0090,ORD00761,2025-08-10,Furniture,5,4873.85,24369.25
CUST0136,ORD00762,2025-02-06,Office Supplies,3,14423.22,43269.66
CUST0186,ORD00763,2025-10-05,Electronics,5,13391.91,66959.55
CUST0060,ORD00764,2025-07-15,Electronics,2,12760.31,25520.62
CUST0178,ORD00765,2025-12-18,Furniture,3,6179.28,18537.84
CUST0028,ORD00766,2025-08-30,Electronics,4,353.42,1413.68
CUST0101,ORD00767,2025-11-20,Furniture,3,1341.3,4023.9
CUST0041,ORD00768,2025-08-07,Office Supplies,5,4786.12,23930.6
CUST0192,ORD00769,2025-07-11,Furniture,1,383.78,383.78
CUST0155,ORD00770,2025-01-17,Furniture,3,404.67,1214.01
CUST0191,ORD00771,2025-01-12,Office Supplies,4,13761.56,55046.24
CUST0145,ORD00772,2025-07-12,Electronics,2,10636.45,21272.9
CUST0161,ORD00773,2025-01-22,Furniture,1,4738.0,4738.0
CUST0157,ORD00774,2025-04-30,Furniture,2,2119.77,4239.54
CUST0141,ORD00775,2025-07-29,Office Supplies,3,7747.79,23243.37
CUST0046,ORD00776,2025-11-02,Electronics,5,229.39,1146.95
CUST0035,ORD00777,2025-09-27,Furniture,5,14085.44,70427.2
CUST0134,ORD00778,2025-07-11,Office Supplies,4,6310.0,25240.0
CUST0082,ORD00779,2025-06-24,Furniture,5,6124.67,30623.35
CUST0115,ORD00780,2025-10-12,Accessories,1,5950.32,5950.32
CUST0197,ORD00781,2025-07-23,Office Supplies,5,1179.53,5897.65
CUST0047,ORD00782,2025-06-13,Electronics,4,9629.09,38516.36
CUST0153,ORD00783,2025-09-08,Electronics,3,11035.1,33105.3
CUST0194,ORD00784,2025-08-15,Electronics,3,10190.46,30571.38
CUST0010,ORD00785,2025-01-07,Electronics,5,2205.77,11028.85
CUST0056,ORD00786,2025-01-29,Furniture,2,8745.78,17491.56
CUST0030,ORD00787,2025-02-02,Furniture,3,8606.84,25820.52
CUST0109,ORD00788,2025-05-14,Electronics,5,13045.9,65229.5
CUST0005,ORD00789,2025-03-20,Electronics,4,5780.05,23120.2
CUST0119,ORD00790,2025-02-27,Electronics,5,5666.57,28332.85
CUST0033,ORD00791,2025-01-26,Furniture,3,9335.13,28005.39
CUST0118,ORD00792,2025-08-14,Electronics,4,9551.13,38204.52
CUST0065,ORD00793,2025-10-12,Electronics,5,7118.89,35594.45
CUST0146,ORD00794,2025-01-04,Accessories,1,6729.43,6729.43
CUST0177,ORD00795,2025-04-09,Accessories,4,7488.09,29952.36
CUST0011,ORD00796,2025-02-08,Electronics,1,12936.52,12936.52
CUST0085,ORD00797,2025-09-28,Office Supplies,2,6998.33,13996.66
CUST0026,ORD00798,2025-10-12,Electronics,4,14107.99,56431.96
CUST0063,ORD00799,2025-06-06,Accessories,1,7634.46,7634.46
CUST0086,ORD00800,2025-03-16,Office Supplies,3,14245.63,42736.89
CUST0059,ORD00801,2025-10-15,Office Supplies,3,12517.55,37552.65
CUST0027,ORD00802,2025-05-10,Electronics,2,5532.11,11064.22
CUST0177,ORD00803,2025-06-24,Accessories,4,12975.08,51900.32
CUST0161,ORD00804,2025-03-25,Accessories,4,1784.44,7137.76
CUST0098,ORD00805,2025-01-22,Office Supplies,4,13886.95,55547.8
CUST0099,ORD00807,2025-07-14,Furniture,4,957.7,3830.8
CUST0129,ORD00808,2025-12-03,Furniture,3,9717.21,29151.63
CUST0149,ORD00809,2025-08-24,Accessories,1,14617.58,14617.58
CUST0055,ORD00810,2025-04-02,Furniture,3,1186.54,3559.62
CUST0006,ORD00811,2025-01-21,Accessories,3,8387.11,25161.33
CUST0197,ORD00812,2025-10-30,Accessories,1,11254.75,11254.75
CUST0095,ORD00813,2025-12-23,Accessories,3,12182.34,36547.02
CUST0003,ORD00816,2025-05-27,Office Supplies,3,778.78,2336.34
CUST0181,ORD00817,2025-09-14,Electronics,5,8758.93,43794.65
CUST0023,ORD00818,2025-02-27,Electronics,3,6875.73,20627.19
CUST0053,ORD00819,2025-01-15,Accessories,2,14238.85,28477.7
CUST0165,ORD00820,2025-06-11,Electronics,4,1049.98,4199.92
CUST0083,ORD00821,2025-06-12,Furniture,3,10328.12,30984.36
CUST0145,ORD00822,2025-11-16,Furniture,4,520.75,2083.0
CUST0085,ORD00823,2025-10-08,Electronics,5,2695.8,13479.0
CUST0078,ORD00824,2025-10-07,Furniture,3,6885.65,20656.95
CUST0110,ORD00825,2025-01-12,Electronics,1,6904.86,6904.86
CUST0001,ORD00826,2025-10-01,Electronics,4,10332.65,41330.6
CUST0051,ORD00827,2025-09-28,Electronics,5,13666.66,68333.3
CUST0173,ORD00828,2025-07-27,Accessories,1,9639.63,9639.63
CUST0004,ORD00829,2025-01-27,Electronics,1,14310.0,14310.0
CUST0190,ORD00830,2025-03-13,Accessories,1,13241.99,13241.99
CUST0193,ORD00831,2025-03-01,Electronics,1,8829.82,8829.82
CUST0113,ORD00832,2025-05-25,Electronics,3,12531.81,37595.43
CUST0032,ORD00833,2025-04-03,Electronics,3,9692.28,29076.84
CUST0034,ORD00834,2025-11-05,Furniture,3,1316.58,3949.74
CUST0092,ORD00835,2025-01-08,Accessories,5,11147.39,55736.95
CUST0095,ORD00836,2025-03-20,Accessories,5,1559.39,7796.95
CUST0072,ORD00837,2025-01-27,Electronics,5,8972.13,44860.65
CUST0039,ORD00838,2025-06-23,Electronics,2,10584.21,21168.42
CUST0154,ORD00839,2025-02-19,Furniture,5,1137.93,5689.65
CUST0162,ORD00840,2025-07-18,Furniture,3,3577.3,10731.9
CUST0182,ORD00841,2025-12-15,Furniture,3,13747.73,41243.19
CUST0118,ORD00842,2025-06-30,Accessories,2,9302.27,18604.54
CUST0003,ORD00843,2025-01-24,Accessories,2,3807.35,7614.7
CUST0123,ORD00844,2025-11-12,Accessories,5,10406.59,52032.95
CUST0050,ORD00845,2025-02-15,Electronics,4,9012.13,36048.52
CUST0012,ORD00846,2025-01-15,Accessories,2,7598.4,15196.8
CUST0193,ORD00847,2025-06-02,Office Supplies,1,14646.38,14646.38
CUST0054,ORD00848,2025-08-10,Office Supplies,3,10299.29,30897.87
CUST0133,ORD00849,2025-07-25,Furniture,1,5725.3,5725.3
CUST0057,ORD00850,2025-09-30,Accessories,3,12031.09,36093.27
CUST0145,ORD00851,2025-08-24,Office Supplies,3,13286.06,39858.18
CUST0112,ORD00852,2025-12-06,Furniture,2,2009.53,4019.06
CUST0047,ORD00853,2025-08-16,Accessories,2,3128.21,6256.42
CUST0151,ORD00854,2025-01-09,Electronics,1,3360.97,3360.97
CUST0085,ORD00855,2025-06-15,Office Supplies,3,10414.5,31243.5
CUST0142,ORD00856,2025-11-15,Electronics,1,9105.14,9105.14
CUST0066,ORD00857,2025-08-02,Accessories,4,9342.02,37368.08
CUST0075,ORD00858,2025-04-27,Office Supplies,1,14120.48,14120.48
CUST0179,ORD00859,2025-12-10,Accessories,5,11672.29,58361.45
CUST0103,ORD00860,2025-03-13,Electronics,1,2049.86,2049.86
CUST0166,ORD00861,2025-03-05,Office Supplies,5,5310.48,26552.4
CUST0192,ORD00862,2025-07-24,Electronics,5,6615.6,33078.0
CUST0038,ORD00863,2025-07-28,Accessories,5,6030.03,30150.15
CUST0050,ORD00864,2025-03-13,Accessories,4,10089.23,40356.92
CUST0098,ORD00865,2025-10-04,Electronics,1,13394.61,13394.61
CUST0082,ORD00866,2025-10-01,Office Supplies,1,4694.86,4694.86
CUST0030,ORD00867,2025-11-16,Electronics,4,8345.38,33381.52
CUST0079,ORD00868,2025-12-04,Accessories,3,11872.73,35618.19
CUST0091,ORD00869,2025-04-05,Electronics,2,6330.84,12661.68
CUST0179,ORD00870,2025-06-15,Accessories,1,2646.55,2646.55
CUST0191,ORD00871,2025-02-01,Electronics,2,7203.02,14406.04
CUST0052,ORD00872,2025-01-11,Office Supplies,4,970.05,3880.2
CUST0166,ORD00873,2025-10-28,Office Supplies,3,14144.39,42433.17
CUST0079,ORD00874,2025-08-05,Electronics,3,1261.09,3783.27
CUST0030,ORD00875,2025-10-16,Electronics,3,6661.08,19983.24
CUST0106,ORD00876,2025-04-12,Office Supplies,4,8018.74,32074.96
CUST0051,ORD00877,2025-09-24,Accessories,5,14781.76,73908.8
CUST0081,ORD00878,2025-08-02,Office Supplies,5,2615.42,13077.1
CUST0133,ORD00879,2025-06-28,Accessories,2,1849.31,3698.62
CUST0029,ORD00880,2025-03-29,Electronics,5,279.29,1396.45
CUST0132,ORD00881,2025-02-10,Electronics,5,2460.24,12301.2
CUST0138,ORD00882,2025-03-17,Accessories,3,3228.0,9684.0
CUST0184,ORD00883,2025-02-15,Electronics,3,9514.13,28542.39
CUST0145,ORD00884,2025-06-09,Accessories,2,3412.65,6825.3
CUST0074,ORD00885,2025-03-21,Furniture,1,454.73,454.73
CUST0017,ORD00886,2025-11-06,Office Supplies,2,12425.28,24850.56
CUST0084,ORD00887,2025-03-27,Furniture,2,5579.1,11158.2
CUST0069,ORD00888,2025-04-02,Accessories,4,5402.4,21609.6
CUST0034,ORD00889,2025-05-28,Office Supplies,4,4641.81,18567.24
CUST0006,ORD00890,2025-06-10,Accessories,2,14634.29,29268.58
CUST0053,ORD00891,2025-07-21,Office Supplies,2,2676.21,5352.42
CUST0194,ORD00892,2025-08-30,Office Supplies,2,13488.84,26977.68
CUST0126,ORD00893,2025-12-19,Office Supplies,5,11685.53,58427.65
CUST0115,ORD00895,2025-08-13,Accessories,2,14802.93,29605.86
CUST0111,ORD00896,2025-10-16,Office Supplies,3,4179.78,12539.34
CUST0151,ORD00897,2025-08-21,Office Supplies,3,1613.96,4841.88
CUST0183,ORD00898,2025-03-18,Furniture,5,12465.32,62326.6
CUST0080,ORD00899,2025-04-26,Electronics,5,10644.13,53220.65
CUST0095,ORD00900,2025-06-03,Electronics,1,9315.7,9315.7
CUST0118,ORD00901,2025-04-13,Furniture,1,2466.32,2466.32
CUST0144,ORD00902,2025-07-13,Furniture,1,7255.67,7255.67
CUST0008,ORD00903,2025-06-15,Accessories,5,11741.26,58706.3
CUST0132,ORD00904,2025-12-25,Accessories,5,4658.82,23294.1
CUST0104,ORD00905,2025-03-31,Accessories,5,4778.59,23892.95
CUST0132,ORD00906,2025-06-23,Furniture,3,196.64,589.92
CUST0184,ORD00907,2025-05-02,Furniture,5,2737.51,13687.55
CUST0025,ORD00908,2025-05-23,Office Supplies,3,13149.77,39449.31
CUST0195,ORD00909,2025-04-16,Accessories,1,6709.94,6709.94
CUST0096,ORD00910,2025-11-01,Accessories,1,14765.88,14765.88
CUST0195,ORD00911,2025-12-26,Accessories,1,6026.26,6026.26
CUST0155,ORD00912,2025-11-13,Electronics,2,10770.52,21541.04
CUST0093,ORD00913,2025-05-03,Office Supplies,2,4336.5,8673.0
CUST0160,ORD00914,2025-01-09,Accessories,4,5552.57,22210.28
CUST0178,ORD00915,2025-09-19,Accessories,4,2982.28,11929.12
CUST0061,ORD00916,2025-03-14,Accessories,4,5303.88,21215.52
CUST0122,ORD00917,2025-12-25,Electronics,2,8276.48,16552.96
CUST0051,ORD00918,2025-08-11,Electronics,2,14877.83,29755.66
CUST0147,ORD00919,2025-02-10,Furniture,4,10013.4,40053.6
CUST0021,ORD00920,2025-07-23,Office Supplies,4,3108.8,12435.2
CUST0005,ORD00921,2025-09-21,Furniture,5,817.68,4088.4
CUST0092,ORD00922,2025-11-24,Office Supplies,4,2026.39,8105.56
CUST0170,ORD00923,2025-06-27,Electronics,5,8503.94,42519.7
CUST0061,ORD00924,2025-12-14,Accessories,3,11512.63,34537.89
CUST0022,ORD00925,2025-11-14,Furniture,2,14115.23,28230.46
CUST0149,ORD00926,2025-03-25,Accessories,4,384.97,1539.88
CUST0070,ORD00927,2025-11-14,Furniture,2,7912.99,15825.98
CUST0001,ORD00928,2025-04-21,Electronics,2,7142.38,14284.76
CUST0133,ORD00929,2025-09-08,Electronics,2,9892.42,19784.84
CUST0012,ORD00930,2025-01-07,Electronics,3,8459.75,25379.25
CUST0090,ORD00931,2025-03-25,Furniture,1,10352.53,10352.53
CUST0046,ORD00932,2025-07-27,Office Supplies,4,9922.53,39690.12
CUST0034,ORD00933,2025-11-10,Furniture,1,1887.62,1887.62
CUST0177,ORD00934,2025-01-22,Office Supplies,1,12025.81,12025.81
CUST0078,ORD00935,2025-01-03,Furniture,1,1980.0,1980.0
CUST0045,ORD00936,2025-05-07,Furniture,2,10523.18,21046.36
CUST0155,ORD00937,2025-10-24,Electronics,5,6329.76,31648.8
CUST0073,ORD00938,2025-07-07,Accessories,2,7780.68,15561.36
CUST0026,ORD00939,2025-12-28,Accessories,2,13563.98,27127.96
CUST0047,ORD00940,2025-01-14,Office Supplies,1,13364.77,13364.77
CUST0121,ORD00941,2025-01-12,Accessories,2,12295.17,24590.34
CUST0056,ORD00942,2025-03-28,Furniture,1,7725.7,7725.7
CUST0094,ORD00943,2025-01-12,Furniture,5,11083.16,55415.8
CUST0107,ORD00944,2025-01-25,Electronics,4,7766.52,31066.08
CUST0063,ORD00945,2025-10-28,Electronics,1,13063.65,13063.65
CUST0048,ORD00946,2025-08-31,Accessories,5,6131.22,30656.1
CUST0061,ORD00947,2025-05-02,Office Supplies,4,14557.99,58231.96
CUST0081,ORD00948,2025-05-27,Accessories,3,13994.99,41984.97
CUST0026,ORD00949,2025-02-24,Accessories,1,11162.8,11162.8
CUST0001,ORD00951,2025-12-22,Accessories,3,2105.06,6315.18
CUST0008,ORD00952,2025-06-22,Furniture,3,12842.35,38527.05
CUST0113,ORD00953,2025-08-09,Office Supplies,1,2604.74,2604.74
CUST0099,ORD00954,2025-04-29,Furniture,3,12835.77,38507.31
CUST0180,ORD00955,2025-11-05,Office Supplies,2,7437.86,14875.72
CUST0047,ORD00956,2025-07-02,Electronics,4,6187.37,24749.48
CUST0127,ORD00957,2025-10-15,Accessories,4,13562.38,54249.52
CUST0056,ORD00958,2025-11-03,Furniture,4,9117.19,36468.76
CUST0014,ORD00959,2025-10-27,Office Supplies,2,8712.72,17425.44
CUST0028,ORD00960,2025-03-23,Electronics,3,8447.67,25343.01
CUST0078,ORD00961,2025-07-30,Electronics,5,5661.87,28309.35
CUST0130,ORD00962,2025-05-30,Accessories,3,11816.8,35450.4
CUST0109,ORD00963,2025-02-06,Office Supplies,1,3904.06,3904.06
CUST0154,ORD00964,2025-12-18,Furniture,4,14092.59,56370.36
CUST0014,ORD00965,2025-11-08,Accessories,3,13425.68,40277.04
CUST0187,ORD00966,2025-12-27,Furniture,5,5161.58,25807.9
CUST0056,ORD00967,2025-02-28,Electronics,1,10982.54,10982.54
CUST0115,ORD00968,2025-05-11,Furniture,2,8662.36,17324.72
CUST0007,ORD00969,2025-07-21,Furniture,2,5164.09,10328.18
CUST0003,ORD00970,2025-08-31,Accessories,5,14829.55,74147.75
CUST0111,ORD00971,2025-02-04,Furniture,1,524.77,524.77
CUST0151,ORD00972,2025-04-03,Accessories,4,3901.79,15607.16
CUST0107,ORD00973,2025-07-26,Electronics,3,7873.1,23619.3
CUST0018,ORD00974,2025-12-19,Accessories,1,7901.0,7901.0
CUST0038,ORD00975,2025-11-28,Accessories,2,8895.66,17791.32
CUST0115,ORD00976,2025-11-01,Office Supplies,5,11312.39,56561.95
CUST0015,ORD00977,2025-12-16,Furniture,5,9408.65,47043.25
CUST0192,ORD00978,2025-08-01,Electronics,3,9064.18,27192.54
CUST0119,ORD00979,2025-06-08,Accessories,5,944.69,4723.45
CUST0028,ORD00980,2025-01-24,Electronics,5,5741.47,28707.35
CUST0039,ORD00981,2025-10-20,Office Supplies,1,3596.03,3596.03
CUST0185,ORD00982,2025-01-04,Furniture,4,4090.75,16363.0
CUST0017,ORD00983,2025-08-08,Accessories,3,8381.91,25145.73
CUST0086,ORD00984,2025-12-30,Furniture,1,3112.65,3112.65
CUST0126,ORD00985,2025-01-20,Office Supplies,4,4515.14,18060.56
CUST0044,ORD00986,2025-06-01,Office Supplies,1,3670.71,3670.71
CUST0025,ORD00987,2025-02-19,Electronics,1,14235.27,14235.27
CUST0145,ORD00988,2025-06-26,Accessories,5,14178.29,70891.45
CUST0013,ORD00989,2025-04-06,Electronics,4,9207.63,36830.52
CUST0025,ORD00990,2025-04-15,Office Supplies,3,13879.16,41637.48
CUST0068,ORD00991,2025-09-07,Furniture,3,11819.32,35457.96
CUST0138,ORD00992,2025-04-27,Electronics,4,8910.73,35642.92
CUST0067,ORD00993,2025-12-20,Electronics,5,245.56,1227.8
CUST0109,ORD00994,2025-08-16,Furniture,2,11621.87,23243.74
CUST0146,ORD00995,2025-03-07,Electronics,1,10581.95,10581.95
CUST0111,ORD00996,2025-12-01,Furniture,5,9286.52,46432.6
CUST0111,ORD00997,2025-09-19,Accessories,4,11442.3,45769.2
CUST0034,ORD00998,2025-10-22,Furniture,1,7766.89,7766.89
CUST0111,ORD00999,2025-08-31,Accessories,3,10605.64,31816.92
CUST0008,ORD01000,2025-07-05,Furniture,2,14037.31,28074.62
